corruption,magnitude,Hstar,H_mm,tip_collision_rate,body_collision_rate,off_object_rate
noise,0.5,0.5,0.2,27.061360412952332,60.55389568398813,0.0
noise,1.0,0.5,0.2,34.564340644669734,60.48899259307078,0.0
noise,2.0,0.5,0.2,35.02062995690446,58.55054546045143,0.0
scale,0.98,0.5,0.2,98.74476987447699,63.17991631799163,0.0
scale,0.95,0.5,0.2,98.66071428571429,67.41071428571429,0.0
scale,0.9,0.5,0.2,100.0,76.78571428571429,0.0
scale,0.8,0.5,0.2,100.0,98.63481228668942,0.0
scale,1.02,0.5,0.2,0.0,56.84410646387833,0.0
scale,1.05,0.5,0.2,0.0,52.899824253075565,0.0
scale,1.1,0.5,0.2,0.0,46.592709984152144,0.0
scale,1.2,0.5,0.2,0.0,26.52005174644243,11.51358344113842
combined,0.98,0.5,0.2,61.38151497349007,63.22314982996022,0.0
combined,0.95,0.5,0.2,87.40523999405346,68.94777869738886,0.0
combined,0.9,0.5,0.2,98.38842766868939,78.5748086497294,0.0
combined,0.8,0.5,0.2,100.0,96.85950852458156,0.0
combined,1.02,0.5,0.2,24.526480829067328,57.136226769687674,0.0
combined,1.05,0.5,0.2,7.137413205240189,52.49017962743949,0.0
combined,1.1,0.5,0.2,0.7265805258173319,44.98386226590164,0.8381152875892063
combined,1.2,0.5,0.2,0.0,26.27987856579303,11.35578151682617
noise,0.5,1.0,0.4,9.620589669374333,58.69695759373951,0.0
noise,1.0,1.0,0.4,23.012843269555383,59.1047823302114,0.0
noise,2.0,1.0,0.4,28.534742625662677,57.02868397306046,0.0
scale,0.98,1.0,0.4,73.22175732217573,60.66945606694561,0.0
scale,0.95,1.0,0.4,98.21428571428571,66.07142857142857,0.0
scale,0.9,1.0,0.4,100.0,75.51020408163265,0.0
scale,0.8,1.0,0.4,100.0,96.58703071672356,0.0
scale,1.02,1.0,0.4,0.0,54.94296577946768,0.0
scale,1.05,1.0,0.4,0.0,51.31810193321616,0.0
scale,1.1,1.0,0.4,0.0,45.48335974643423,0.0
scale,1.2,1.0,0.4,0.0,26.002587322121606,11.51358344113842
combined,0.98,1.0,0.4,54.88541167182357,61.3992087397315,0.0
combined,0.95,1.0,0.4,84.00731215806684,66.78103224804806,0.0
combined,0.9,1.0,0.4,97.4823912074423,76.85593450204101,0.0
combined,0.8,1.0,0.4,100.0,95.98208232101447,0.0
combined,1.02,1.0,0.4,18.91679335259384,55.450219412023785,0.0
combined,1.05,1.0,0.4,4.972075976780891,51.24993054303184,0.0
combined,1.1,1.0,0.4,0.5697094467200305,43.609236241138994,0.8381152875892063
combined,1.2,1.0,0.4,0.0,25.556255321431145,11.35578151682617
noise,0.5,2.0,0.8,0.11873392308174917,54.90199965122937,0.0
noise,1.0,2.0,0.8,9.680776738329254,55.422718473493475,0.0
noise,2.0,2.0,0.8,15.72047772376825,53.98684352475634,0.0
scale,0.98,2.0,0.8,13.598326359832635,56.903765690376574,0.0
scale,0.95,2.0,0.8,97.76785714285714,63.16964285714286,0.0
scale,0.9,2.0,0.8,99.48979591836735,70.66326530612244,0.0
scale,0.8,2.0,0.8,100.0,92.15017064846417,0.0
scale,1.02,2.0,0.8,0.0,52.09125475285171,0.0
scale,1.05,2.0,0.8,0.0,48.50615114235501,0.0
scale,1.1,2.0,0.8,0.0,42.15530903328051,0.0
scale,1.2,2.0,0.8,0.0,24.708926261319533,11.51358344113842
combined,0.98,2.0,0.8,41.32821166973793,58.06532484518201,0.0
combined,0.95,2.0,0.8,70.64631078060661,63.08672230291781,0.0
combined,0.9,2.0,0.8,95.16909478211466,72.52697865818558,0.0
combined,0.8,2.0,0.8,100.0,93.10623204985323,0.0
combined,1.02,2.0,0.8,10.261289581901329,52.03954527958355,0.0
combined,1.05,2.0,0.8,1.9264847331877863,47.97773807082804,0.0
combined,1.1,2.0,0.8,0.16158727873034157,41.28288341126432,0.8381152875892063
combined,1.2,2.0,0.8,0.0,24.00960930085329,11.35578151682617
noise,0.5,3.0,1.2000000000000002,0.039525691699604744,52.016136322880584,0.0
noise,1.0,3.0,1.2000000000000002,2.485507462639265,52.57387785542363,0.0
noise,2.0,3.0,1.2000000000000002,8.37564897652778,50.83786689007974,0.0
scale,0.98,3.0,1.2000000000000002,2.510460251046025,54.18410041841004,0.0
scale,0.95,3.0,1.2000000000000002,71.875,58.92857142857143,0.0
scale,0.9,3.0,1.2000000000000002,99.23469387755102,67.3469387755102,0.0
scale,0.8,3.0,1.2000000000000002,100.0,87.03071672354949,0.0
scale,1.02,3.0,1.2000000000000002,0.0,49.42965779467681,0.0
scale,1.05,3.0,1.2000000000000002,0.0,46.04569420035149,0.0
scale,1.1,3.0,1.2000000000000002,0.0,40.09508716323296,0.0
scale,1.2,3.0,1.2000000000000002,0.0,23.415265200517467,11.51358344113842
combined,0.98,3.0,1.2000000000000002,28.28210155577208,54.562290795147156,0.0
combined,0.95,3.0,1.2000000000000002,58.9629649348034,59.393750550398764,0.0
combined,0.9,3.0,1.2000000000000002,91.86109655860655,68.2055536785277,0.0
combined,0.8,3.0,1.2000000000000002,100.0,89.34898971838444,0.0
combined,1.02,3.0,1.2000000000000002,5.140993149079819,49.265009485726175,0.0
combined,1.05,3.0,1.2000000000000002,0.8034570736947166,45.274277705290736,0.0
combined,1.1,3.0,1.2000000000000002,0.0664451827242525,38.80105113981613,0.8381152875892063
combined,1.2,3.0,1.2000000000000002,0.0,22.201346464732737,11.35578151682617
noise,0.5,5.0,2.0,0.0,46.44282359961922,0.0
noise,1.0,5.0,2.0,0.0,47.11233656335229,0.0
noise,2.0,5.0,2.0,2.0515124263804787,45.34670278686241,0.0
scale,0.98,5.0,2.0,0.6276150627615062,48.11715481171548,0.0
scale,0.95,5.0,2.0,8.482142857142858,52.45535714285714,0.0
scale,0.9,5.0,2.0,97.44897959183673,58.92857142857143,0.0
scale,0.8,5.0,2.0,100.0,77.47440273037543,0.0
scale,1.02,5.0,2.0,0.0,43.72623574144487,0.0
scale,1.05,5.0,2.0,0.0,40.597539543058,0.0
scale,1.1,5.0,2.0,0.0,35.182250396196515,0.0
scale,1.2,5.0,2.0,0.0,20.69857697283312,11.51358344113842
combined,0.98,5.0,2.0,10.734388239041062,48.00615438428407,0.0
combined,0.95,5.0,2.0,30.75594828708612,52.29269027418461,0.0
combined,0.9,5.0,2.0,75.79763119007615,59.95391920819829,0.0
combined,0.8,5.0,2.0,99.40462630012533,81.15554014044115,0.0
combined,1.02,5.0,2.0,1.0079218918997923,43.60441296525743,0.0
combined,1.05,5.0,2.0,0.06884681583476765,40.179119164170835,0.0
combined,1.1,5.0,2.0,0.0,34.35755679573382,0.8381152875892063
combined,1.2,5.0,2.0,0.0,19.720874265998376,11.35578151682617
noise,0.5,7.0,2.8000000000000003,0.0,41.028392942976986,0.0
noise,1.0,7.0,2.8000000000000003,0.0,41.85206938690242,0.0
noise,2.0,7.0,2.8000000000000003,0.8306046714691115,40.16535577461512,0.0
scale,0.98,7.0,2.8000000000000003,0.20920502092050208,42.25941422594142,0.0
scale,0.95,7.0,2.8000000000000003,0.6696428571428571,46.875,0.0
scale,0.9,7.0,2.8000000000000003,35.45918367346938,52.04081632653062,0.0
scale,0.8,7.0,2.8000000000000003,99.31740614334471,68.94197952218431,0.0
scale,1.02,7.0,2.8000000000000003,0.0,38.78326996197718,0.0
scale,1.05,7.0,2.8000000000000003,0.0,35.67662565905096,0.0
scale,1.1,7.0,2.8000000000000003,0.0,30.269413629160063,0.0
scale,1.2,7.0,2.8000000000000003,0.0,18.628719275549805,11.51358344113842
combined,0.98,7.0,2.8000000000000003,2.485883308187135,42.78838796633999,0.0
combined,0.95,7.0,2.8000000000000003,12.445144238252198,46.00590460236088,0.0
combined,0.9,7.0,2.8000000000000003,50.79270754202323,52.18686182943522,0.0
combined,0.8,7.0,2.8000000000000003,97.84186075410528,70.87567810226041,0.0
combined,1.02,7.0,2.8000000000000003,0.11049723756906076,38.58811967708847,0.0
combined,1.05,7.0,2.8000000000000003,0.0,35.156642006253215,0.0
combined,1.1,7.0,2.8000000000000003,0.0,29.49851741333361,0.8381152875892063
combined,1.2,7.0,2.8000000000000003,0.0,17.674030940773566,11.35578151682617
noise,0.5,10.0,4.0,0.0,33.63704166425837,0.0
noise,1.0,10.0,4.0,0.0,34.210993016139085,0.0
noise,2.0,10.0,4.0,0.03968253968253968,32.77327218305378,0.0
scale,0.98,10.0,4.0,0.0,34.51882845188285,0.0
scale,0.95,10.0,4.0,0.0,38.61607142857143,0.0
scale,0.9,10.0,4.0,6.63265306122449,43.11224489795919,0.0
scale,0.8,10.0,4.0,97.95221843003414,54.60750853242321,0.0
scale,1.02,10.0,4.0,0.0,31.1787072243346,0.0
scale,1.05,10.0,4.0,0.0,28.119507908611602,0.0
scale,1.1,10.0,4.0,0.0,25.356576862123614,0.0
scale,1.2,10.0,4.0,0.0,15.91203104786546,11.51358344113842
combined,0.98,10.0,4.0,0.16284999917208948,34.56215031837845,0.0
combined,0.95,10.0,4.0,1.3645614392002412,38.138987570013356,0.0
combined,0.9,10.0,4.0,17.476653991189963,42.921050083641184,0.0
combined,0.8,10.0,4.0,86.99388576764672,56.44346063822381,0.0
combined,1.02,10.0,4.0,0.07366482504604052,31.105588943809256,0.0
combined,1.05,10.0,4.0,0.0,28.12247530847261,0.0
combined,1.1,10.0,4.0,0.0,23.6738359969333,0.8381152875892063
combined,1.2,10.0,4.0,0.0,15.138930649169776,11.35578151682617
noise,0.5,20.0,8.0,0.0,16.36373763556235,0.0
noise,1.0,20.0,8.0,0.0,15.6947725176902,0.0
noise,2.0,20.0,8.0,0.0,16.207415346376468,0.0
scale,0.98,20.0,8.0,0.0,16.527196652719663,0.0
scale,0.95,20.0,8.0,0.0,16.964285714285715,0.0
scale,0.9,20.0,8.0,0.0,19.387755102040817,0.0
scale,0.8,20.0,8.0,3.4129692832764507,26.27986348122867,0.0
scale,1.02,20.0,8.0,0.0,15.96958174904943,0.0
scale,1.05,20.0,8.0,0.0,15.114235500878733,0.0
scale,1.1,20.0,8.0,0.0,14.580031695721077,0.0
scale,1.2,20.0,8.0,0.0,7.761966364812419,11.51358344113842
combined,0.98,20.0,8.0,0.0,15.80874528702122,0.0
combined,0.95,20.0,8.0,0.0,16.96964763090116,0.0
combined,0.9,20.0,8.0,0.15666666666666668,19.1925866444693,0.0
combined,0.8,20.0,8.0,6.21396966862126,24.406949477510487,0.0
combined,1.02,20.0,8.0,0.0,15.070876999763692,0.0
combined,1.05,20.0,8.0,0.0,14.427035010950116,0.0
combined,1.1,20.0,8.0,0.0,13.28876251233316,0.8381152875892063
combined,1.2,20.0,8.0,0.0,8.050910834287716,11.35578151682617
noise,0.5,30.0,12.0,0.0,7.905188975883942,0.0
noise,1.0,30.0,12.0,0.0,7.113188794732335,0.0
noise,2.0,30.0,12.0,0.0,8.101860369983687,0.0
scale,0.98,30.0,12.0,0.0,7.740585774058577,0.0
scale,0.95,30.0,12.0,0.0,7.8125,0.0
scale,0.9,30.0,12.0,0.0,8.673469387755102,0.0
scale,0.8,30.0,12.0,0.0,9.556313993174061,0.0
scale,1.02,30.0,12.0,0.0,7.79467680608365,0.0
scale,1.05,30.0,12.0,0.0,7.205623901581721,0.0
scale,1.1,30.0,12.0,0.0,7.131537242472266,0.0
scale,1.2,30.0,12.0,0.0,1.034928848641656,11.51358344113842
combined,0.98,30.0,12.0,0.0,7.4545667958268,0.0
combined,0.95,30.0,12.0,0.0,7.758301852999358,0.0
combined,0.9,30.0,12.0,0.0,8.232978966974624,0.0
combined,0.8,30.0,12.0,0.0,9.16084142408871,0.0
combined,1.02,30.0,12.0,0.0,7.542554223454867,0.0
combined,1.05,30.0,12.0,0.0,7.110429270526794,0.0
combined,1.1,30.0,12.0,0.0,6.682487474629056,0.8381152875892063
combined,1.2,30.0,12.0,0.0,2.213344288625891,11.35578151682617
noise,0.5,40.0,16.0,0.0,0.3160499206373906,0.0
noise,1.0,40.0,16.0,0.0,0.19662228088689435,0.0
noise,2.0,40.0,16.0,0.0,0.7445124999217122,0.0
scale,0.98,40.0,16.0,0.0,0.20920502092050208,0.0
scale,0.95,40.0,16.0,0.0,0.2232142857142857,0.0
scale,0.9,40.0,16.0,0.0,0.25510204081632654,0.0
scale,0.8,40.0,16.0,0.0,0.3412969283276451,0.0
scale,1.02,40.0,16.0,0.0,0.19011406844106463,0.0
scale,1.05,40.0,16.0,0.0,0.7029876977152899,0.0
scale,1.1,40.0,16.0,0.0,0.0,0.0
scale,1.2,40.0,16.0,0.0,0.0,11.51358344113842
combined,0.98,40.0,16.0,0.0,0.705291022099886,0.0
combined,0.95,40.0,16.0,0.0,0.6706863269705504,0.0
combined,0.9,40.0,16.0,0.0,0.6148086573689234,0.0
combined,0.8,40.0,16.0,0.0,0.6846836477444496,0.0
combined,1.02,40.0,16.0,0.0,0.7582429956114329,0.0
combined,1.05,40.0,16.0,0.0,0.6385864482128423,0.0
combined,1.1,40.0,16.0,0.0,0.6057288427533727,0.8381152875892063
combined,1.2,40.0,16.0,0.0,0.05044136191677175,11.35578151682617
noise,0.5,50.0,20.0,0.0,0.0,0.0
noise,1.0,50.0,20.0,0.0,0.0,0.0
noise,2.0,50.0,20.0,0.0,0.0,0.0
scale,0.98,50.0,20.0,0.0,0.0,0.0
scale,0.95,50.0,20.0,0.0,0.0,0.0
scale,0.9,50.0,20.0,0.0,0.0,0.0
scale,0.8,50.0,20.0,0.0,0.0,0.0
scale,1.02,50.0,20.0,0.0,0.0,0.0
scale,1.05,50.0,20.0,0.0,0.0,0.0
scale,1.1,50.0,20.0,0.0,0.0,0.0
scale,1.2,50.0,20.0,0.0,0.0,11.51358344113842
combined,0.98,50.0,20.0,0.0,0.0,0.0
combined,0.95,50.0,20.0,0.0,0.0,0.0
combined,0.9,50.0,20.0,0.0,0.0,0.0
combined,0.8,50.0,20.0,0.0,0.0,0.0
combined,1.02,50.0,20.0,0.0,0.0,0.0
combined,1.05,50.0,20.0,0.0,0.0,0.0
combined,1.1,50.0,20.0,0.0,0.0,0.8381152875892063
combined,1.2,50.0,20.0,0.0,0.0,11.35578151682617
